2013-11-24 00:00:00,2.7870680044
2013-11-24 02:00:00,0.1351727983
2013-11-24 04:00:00,0.020206243
2013-11-24 06:00:00,0.020206243
2013-11-24 08:00:00,0.3093645485
2013-11-24 10:00:00,1.4437012261
2013-11-24 12:00:00,4.3492196213
2013-11-24 14:00:00,0.0647993311
2013-11-24 16:00:00,5.7573857303
2013-11-24 18:00:00,0.4528985507
2013-11-24 20:00:00,0.00348600828812
2013-11-24 22:00:00,0.5344202897
2013-11-25 00:00:00,2.4742196211
2013-11-25 02:00:00,0.1066053512
2013-11-25 04:00:00,8.52835985312e-07
2013-11-25 06:00:00,0.022296544
2013-11-25 08:00:00,2.040830546
2013-11-25 10:00:00,0.2926421405
2013-11-25 12:00:00,0.0766443701
2013-11-25 14:00:00,1.3775083611
2013-11-25 16:00:00,0.013238573
2013-11-25 18:00:00,0.03483835
2013-11-25 20:00:00,0.008361204
2013-11-25 22:00:00,0.8737458193
2013-11-26 00:00:00,2.0352564102
2013-11-26 02:00:00,4.5129598662
2013-11-26 04:00:00,0.0675863991
2013-11-26 06:00:00,0.002787068
2013-11-26 08:00:00,0.02090301
2013-11-26 10:00:00,6.1224916396
2013-11-26 12:00:00,4.1387959865
2013-11-26 14:00:00,0.036231884
2013-11-26 16:00:00,2.9187569676
2013-11-26 18:00:00,2.2763377929
2013-11-26 20:00:00,0.026477146
2013-11-26 22:00:00,3.9088628762
2013-11-27 00:00:00,0.1560758082
2013-11-27 02:00:00,0.2403846153
2013-11-27 04:00:00,0.2369007803
2013-11-27 06:00:00,5.3010033446
2013-11-27 08:00:00,0.9538740245
2013-11-27 10:00:00,5.3295707916
2013-11-27 12:00:00,4.5582497214
2013-11-27 14:00:00,1.9634894092
2013-11-27 16:00:00,1.2709030099
2013-11-27 18:00:00,2.2275641027
2013-11-27 20:00:00,0.644509476
2013-11-27 22:00:00,0.0808249721
2013-12-14 00:00:00,1.88892074368e-06
2013-12-14 02:00:00,1.88892074368e-06
2013-12-14 04:00:00,1.88892074368e-06
2013-12-14 06:00:00,1.88892074368e-06
2013-12-14 08:00:00,1.88892074368e-06
2013-12-14 10:00:00,3.29653084469e-06
2013-12-14 12:00:00,4.02157454916e-06
2013-12-14 14:00:00,4.02157454916e-06
2013-12-14 16:00:00,1.88892074368e-06
2013-12-14 18:00:00,0.000698310932426
2013-12-14 20:00:00,0.00418462357455
2013-12-14 22:00:00,2.26044608632e-06
2013-12-15 00:00:00,2.26044608632e-06
2013-12-15 02:00:00,0.7323021182
2013-12-15 04:00:00,1.40761010101e-06
2013-12-15 06:00:00,2.26044608632e-06
2013-12-15 08:00:00,2.26044608632e-06
2013-12-15 10:00:00,2.26044608632e-06
2013-12-15 12:00:00,4.02157454916e-06
2013-12-15 14:00:00,4.02157454916e-06
2013-12-15 16:00:00,1.88892074368e-06
2013-12-15 18:00:00,3.24581850414e-06
2013-12-15 20:00:00,3.29653084469e-06
2013-12-15 22:00:00,3.29653084469e-06
2013-12-16 00:00:00,3.29653084469e-06
2013-12-16 02:00:00,0.0529542921
2013-12-16 04:00:00,1.2973801561
2013-12-16 06:00:00,1.3468506132
2013-12-16 08:00:00,0.1463210703
2013-12-16 10:00:00,23.0392976602
2013-12-16 12:00:00,7.768255295
2013-12-16 14:00:00,0.4152731327
2013-12-16 16:00:00,4.3582775917
2013-12-16 18:00:00,1.833890747
2013-12-16 20:00:00,2.3404403568
2013-12-16 22:00:00,0.1644370122
2013-12-17 00:00:00,0.2048494982
2013-12-17 02:00:00,0.1302954292
2013-12-17 04:00:00,0.4710144928
2013-12-17 06:00:00,0.0536510591
2013-12-17 08:00:00,0.009754738
2013-12-17 10:00:00,8.52835985312e-07
2013-12-17 12:00:00,1.88892074368e-06
2013-12-17 14:00:00,1.88892074368e-06
2013-12-17 16:00:00,0.003483835
2013-12-17 18:00:00,0.000696767
2013-12-17 20:00:00,0.5539297658
2013-12-17 22:00:00,0.5525362318
2014-01-03 00:00:00,4.77743114793e-06
2014-01-03 02:00:00,4.01175312596e-06
2014-01-03 04:00:00,3.74134638957e-06
2014-01-03 06:00:00,1.35689776047e-06
2014-01-03 08:00:00,1.35689776047e-06
2014-01-03 10:00:00,1.35689776047e-06
2014-01-03 12:00:00,1.35689776047e-06
2014-01-03 14:00:00,1.35689776047e-06
2014-01-03 16:00:00,1.35689776047e-06
2014-01-03 18:00:00,2.39298251883e-06
2014-01-03 20:00:00,1.35689776047e-06
2014-01-03 22:00:00,1.35689776047e-06
2014-01-04 00:00:00,4.29990639775e-06
2014-01-04 02:00:00,5.33599115611e-06
2014-01-04 04:00:00,4.24919405721e-06
2014-01-04 06:00:00,4.29990639775e-06
2014-01-04 08:00:00,4.29990639775e-06
2014-01-04 10:00:00,5.02495010222e-06
2014-01-04 12:00:00,5.02495010222e-06
2014-01-04 14:00:00,0.0
2014-01-04 16:00:00,5.7699275362
2014-01-04 18:00:00,9.7902731333
2014-01-04 20:00:00,4.1081382388
2014-01-04 22:00:00,3.08870201283e-06
2014-01-05 00:00:00,5.33599115611e-06
2014-01-05 02:00:00,3.9283810551e-06
2014-01-05 04:00:00,5.28527881557e-06
2014-01-05 06:00:00,0.00139810431313
2014-01-05 08:00:00,1.35689776047e-06
2014-01-05 10:00:00,1.35689776047e-06
2014-01-05 12:00:00,1.35689776047e-06
2014-01-05 14:00:00,1.35689776047e-06
2014-01-05 16:00:00,1.35689776047e-06
2014-01-05 18:00:00,1.35689776047e-06
2014-01-05 20:00:00,2.64050147312e-06
2014-01-05 22:00:00,0.0
2014-01-06 00:00:00,0.0
2014-01-06 02:00:00,5.07847667638e-07
2014-01-06 04:00:00,3.48351603523e-06
2014-01-06 06:00:00,2.12661827476e-06
2014-01-06 08:00:00,0.0
2014-01-06 10:00:00,0.0
2014-01-06 12:00:00,0.0
2014-01-06 14:00:00,0.0
2014-01-06 16:00:00,0.001393534
2014-01-06 18:00:00,3.74134638957e-06
2014-01-06 20:00:00,3.74134638957e-06
2014-01-06 22:00:00,1.35689776047e-06
2014-01-23 00:00:00,0.7169732443
2014-01-23 02:00:00,0.1532887402
2014-01-23 04:00:00,3.3493589744
2014-01-23 06:00:00,4.9986064661
2014-01-23 08:00:00,1.2221293199
2014-01-23 10:00:00,1.4736622072
2014-01-23 12:00:00,0.1776755852
2014-01-23 14:00:00,0.057134894
2014-01-23 16:00:00,0.0675863991
2014-01-23 18:00:00,1.3489409141
2014-01-23 20:00:00,0.045986622
2014-01-23 22:00:00,0.2445652175
2014-01-24 00:00:00,1.1197045707
2014-01-24 02:00:00,0.3720735786
2014-01-24 04:00:00,1.9119286509
2014-01-24 06:00:00,2.6811594206
2014-01-24 08:00:00,0.2334169454
2014-01-24 10:00:00,0.1059085842
2014-01-24 12:00:00,4.4049609812
2014-01-24 14:00:00,0.0675863991
2014-01-24 16:00:00,0.0634057971
2014-01-24 18:00:00,2.1174749162
2014-01-24 20:00:00,4.7185061316
2014-01-24 22:00:00,0.0529542921
2014-01-25 00:00:00,0.0634057971
2014-01-25 02:00:00,1.968366778
2014-01-25 04:00:00,0.023690078
2014-01-25 06:00:00,0.0661928651
2014-01-25 08:00:00,0.9197324414
2014-01-25 10:00:00,0.8131270902
2014-01-25 12:00:00,1.57787968979e-06
2014-01-25 14:00:00,1.0242474916
2014-01-25 16:00:00,1.2270066889
2014-01-25 18:00:00,1.290412486
2014-01-25 20:00:00,1.5872352284
2014-01-25 22:00:00,0.2006688963
2014-01-26 00:00:00,0.00209306550786
2014-01-26 02:00:00,3.1918896324
2014-01-26 04:00:00,0.031354515
2014-01-26 06:00:00,0.0
2014-01-26 08:00:00,0.036231884
2014-01-26 10:00:00,0.8814102564
2014-01-26 12:00:00,1.242335563
2014-01-26 14:00:00,0.059921962
2014-01-26 16:00:00,0.030657748
2014-01-26 18:00:00,0.0647993311
2014-01-26 20:00:00,3.0957357858
2014-01-26 22:00:00,0.011845039
2014-02-12 00:00:00,5.33599115611e-06
2014-02-12 02:00:00,5.33599115611e-06
2014-02-12 04:00:00,6.06103486059e-06
2014-02-12 06:00:00,5.33599115611e-06
2014-02-12 08:00:00,5.33599115611e-06
2014-02-12 10:00:00,0.00139886999116
2014-02-12 12:00:00,0.00348572392074
2014-02-12 14:00:00,0.00348434284767
2014-02-12 16:00:00,8.52835985312e-07
2014-02-12 18:00:00,0.2703455963
2014-02-12 20:00:00,0.011148272
2014-02-12 22:00:00,7.65678021978e-07
2014-02-13 00:00:00,3.24581850414e-06
2014-02-13 02:00:00,3.24581850414e-06
2014-02-13 04:00:00,3.24581850414e-06
2014-02-13 06:00:00,3.24581850414e-06
2014-02-13 08:00:00,1.88892074368e-06
2014-02-13 10:00:00,1.03608475836e-06
2014-02-13 12:00:00,2.39298251883e-06
2014-02-13 14:00:00,1.03608475836e-06
2014-02-13 16:00:00,2.39298251883e-06
2014-02-13 18:00:00,1.543932426e-06
2014-02-13 20:00:00,2.44369485937e-06
2014-02-13 22:00:00,2.44369485937e-06
2014-02-14 00:00:00,1.03608475836e-06
2014-02-14 02:00:00,2.39298251883e-06
2014-02-14 04:00:00,2.44369485937e-06
2014-02-14 06:00:00,3.16873856385e-06
2014-02-14 08:00:00,2.13265380548e-06
2014-02-14 10:00:00,2.13265380548e-06
2014-02-14 12:00:00,2.13265380548e-06
2014-02-14 14:00:00,2.64050147312e-06
2014-02-14 16:00:00,1.35689776047e-06
2014-02-14 18:00:00,1.35689776047e-06
2014-02-14 20:00:00,2.39298251883e-06
2014-02-14 22:00:00,2.39298251883e-06
2014-02-15 00:00:00,2.39298251883e-06
2014-02-15 02:00:00,2.39298251883e-06
2014-02-15 04:00:00,2.39298251883e-06
2014-02-15 06:00:00,2.39298251883e-06
2014-02-15 08:00:00,1.88892074368e-06
2014-02-15 10:00:00,1.03608475836e-06
2014-02-15 12:00:00,1.88892074368e-06
2014-02-15 14:00:00,0.002787068
2014-02-15 16:00:00,5.8005852849
2014-02-15 18:00:00,13.7660256423
2014-02-15 20:00:00,8.8614827197
2014-02-15 22:00:00,10.4110925313
2014-03-04 00:00:00,0.4675306577
2014-03-04 02:00:00,0.0
2014-03-04 04:00:00,7.25043704475e-07
2014-03-04 06:00:00,0.0
2014-03-04 08:00:00,2.26897613048e-06
2014-03-04 10:00:00,3.16270303313e-06
2014-03-04 12:00:00,3.24581850414e-06
2014-03-04 14:00:00,1.88892074368e-06
2014-03-04 16:00:00,3.24581850414e-06
2014-03-04 18:00:00,0.000699159982519
2014-03-04 20:00:00,3.24581850414e-06
2014-03-04 22:00:00,4.01175312596e-06
2014-03-05 00:00:00,3.24581850414e-06
2014-03-05 02:00:00,3.75366617178e-06
2014-03-05 04:00:00,4.77743114793e-06
2014-03-05 06:00:00,4.77743114793e-06
2014-03-05 08:00:00,1.35689776047e-06
2014-03-05 10:00:00,1.35689776047e-06
2014-03-05 12:00:00,2.97566836759e-06
2014-03-05 14:00:00,1.35689776047e-06
2014-03-05 16:00:00,0.00069812389776
2014-03-05 18:00:00,1.35689776047e-06
2014-03-05 20:00:00,5.28527881557e-06
2014-03-05 22:00:00,3.9283810551e-06
2014-03-06 00:00:00,5.28527881557e-06
2014-03-06 02:00:00,5.28527881557e-06
2014-03-06 04:00:00,4.01175312596e-06
2014-03-06 06:00:00,1.35689776047e-06
2014-03-06 08:00:00,1.35689776047e-06
2014-03-06 10:00:00,1.35689776047e-06
2014-03-06 12:00:00,1.86474542811e-06
2014-03-06 14:00:00,1.35689776047e-06
2014-03-06 16:00:00,1.35689776047e-06
2014-03-06 18:00:00,2.39298251883e-06
2014-03-06 20:00:00,0.00697062154253
2014-03-06 22:00:00,2.13265380548e-06
2014-03-07 00:00:00,3.16873856385e-06
2014-03-07 02:00:00,1.03608475836e-06
2014-03-07 04:00:00,2.13265380548e-06
2014-03-07 06:00:00,2.13265380548e-06
2014-03-07 08:00:00,7.25043704475e-07
2014-03-07 10:00:00,7.25043704475e-07
2014-03-07 12:00:00,2.13265380548e-06
2014-03-07 14:00:00,2.64050147312e-06
2014-03-07 16:00:00,0.0
2014-03-07 18:00:00,1.35689776047e-06
2014-03-07 20:00:00,1.40761010101e-06
2014-03-07 22:00:00,0.009754738
2014-03-24 00:00:00,1.8917224082
2014-03-24 02:00:00,0.739269788
2014-03-24 04:00:00,0.024387697836
2014-03-24 06:00:00,0.0675863991
2014-03-24 08:00:00,2.4352006688
2014-03-24 10:00:00,4.0231326644
2014-03-24 12:00:00,3.0037625418
2014-03-24 14:00:00,1.0263377925
2014-03-24 16:00:00,0.0648001301447
2014-03-24 18:00:00,1.9258639913
2014-03-24 20:00:00,0.1574693422
2014-03-24 22:00:00,4.2001114828
2014-03-25 00:00:00,0.1045150502
2014-03-25 02:00:00,2.7494425862
2014-03-25 04:00:00,0.0682831661
2014-03-25 06:00:00,4.5143534004
2014-03-25 08:00:00,0.3818283166
2014-03-25 10:00:00,0.0606187291
2014-03-25 12:00:00,0.4689241917
2014-03-25 14:00:00,0.4556856187
2014-03-25 16:00:00,1.9112318843
2014-03-25 18:00:00,3.8823857302
2014-03-25 20:00:00,0.4020345595
2014-03-25 22:00:00,3.4413322184
2014-03-26 00:00:00,0.0515607581
2014-03-26 02:00:00,0.00696767
2014-03-26 04:00:00,0.0940635452
2014-03-26 06:00:00,1.9411928651
2014-03-26 08:00:00,3.0824972127
2014-03-26 10:00:00,0.036231884
2014-03-26 12:00:00,2.0666109254
2014-03-26 14:00:00,4.1840858416
2014-03-26 16:00:00,0.3400222966
2014-03-26 18:00:00,0.0829152731
2014-03-26 20:00:00,0.0647993311
2014-03-26 22:00:00,1.4234949831
2014-03-27 00:00:00,0.0794314381
2014-03-27 02:00:00,0.1518952062
2014-03-27 04:00:00,0.010451505
2014-03-27 06:00:00,0.042502787
2014-03-27 08:00:00,0.153290872854
2014-03-27 10:00:00,0.022296544
2014-03-27 12:00:00,3.7527870682
2014-03-27 14:00:00,0.1142697882
2014-03-27 16:00:00,0.025083612
2014-03-27 18:00:00,1.4116499442
2014-03-27 20:00:00,0.6716833889
2014-03-27 22:00:00,3.8370958752
2014-04-13 00:00:00,0.0111501874578
2014-04-13 02:00:00,5.07847667638e-07
2014-04-13 04:00:00,1.35689776047e-06
2014-04-13 06:00:00,0.00627225989776
2014-04-13 08:00:00,0.000696767
2014-04-13 10:00:00,0.00418195889776
2014-04-13 12:00:00,0.0
2014-04-13 14:00:00,0.0
2014-04-13 16:00:00,0.0
2014-04-13 18:00:00,1.35689776047e-06
2014-04-13 20:00:00,7.25043704475e-07
2014-04-13 22:00:00,7.25043704475e-07
2014-04-14 00:00:00,0.0076651620437
2014-04-14 02:00:00,0.00148779309776
2014-04-14 04:00:00,2.39298251883e-06
2014-04-14 06:00:00,4.24919405721e-06
2014-04-14 08:00:00,1.35689776047e-06
2014-04-14 10:00:00,1.35689776047e-06
2014-04-14 12:00:00,1.35689776047e-06
2014-04-14 14:00:00,0.001393534
2014-04-14 16:00:00,1.35689776047e-06
2014-04-14 18:00:00,0.0084076551
2014-04-14 20:00:00,1.03608475836e-06
2014-04-14 22:00:00,2.39298251883e-06
2014-04-15 00:00:00,3.24581850414e-06
2014-04-15 02:00:00,5.33599115611e-06
2014-04-15 04:00:00,6.06103486059e-06
2014-04-15 06:00:00,6.06103486059e-06
2014-04-15 08:00:00,5.02495010222e-06
2014-04-15 10:00:00,2.89229629674e-06
2014-04-15 12:00:00,1.88892074368e-06
2014-04-15 14:00:00,0.0014864362
2014-04-15 16:00:00,0.0007432181
2014-04-15 18:00:00,8.52835985312e-07
2014-04-15 20:00:00,0.004180602
2014-04-15 22:00:00,2.26897613048e-06
2014-04-16 00:00:00,5.07847667638e-07
2014-04-16 02:00:00,1.543932426e-06
2014-04-16 04:00:00,8.52835985312e-07
2014-04-16 06:00:00,0.000696767
2014-04-16 08:00:00,2.36365830836e-06
2014-04-16 10:00:00,0.00975628193243
2014-04-16 12:00:00,3.12933633033e-06
2014-04-16 14:00:00,1.88892074368e-06
2014-04-16 16:00:00,0.0
2014-04-16 18:00:00,3.12933633033e-06
2014-04-16 20:00:00,5.07847667638e-07
2014-04-16 22:00:00,0.0
2014-05-03 00:00:00,3.9283810551e-06
2014-05-03 02:00:00,2.89229629674e-06
2014-05-03 04:00:00,2.90083018647e-06
2014-05-03 06:00:00,5.28527881557e-06
2014-05-03 08:00:00,4.24919405721e-06
2014-05-03 10:00:00,4.24919405721e-06
2014-05-03 12:00:00,1.86474542811e-06
2014-05-03 14:00:00,2.89229629674e-06
2014-05-03 16:00:00,5.02495010222e-06
2014-05-03 18:00:00,4.22590537745e-06
2014-05-03 20:00:00,6.06103486059e-06
2014-05-03 22:00:00,6.06103486059e-06
2014-05-04 00:00:00,4.25927208025e-06
2014-05-04 02:00:00,1.86474542811e-06
2014-05-04 04:00:00,0.0111511642963
2014-05-04 06:00:00,4.29990639775e-06
2014-05-04 08:00:00,3.48351603523e-06
2014-05-04 10:00:00,1.86474542811e-06
2014-05-04 12:00:00,1.35689776047e-06
2014-05-04 14:00:00,1.35689776047e-06
2014-05-04 16:00:00,2.97566836759e-06
2014-05-04 18:00:00,0.004180602
2014-05-04 20:00:00,0.001393534
2014-05-04 22:00:00,2.97566836759e-06
2014-05-05 00:00:00,2.97566836759e-06
2014-05-05 02:00:00,2.97566836759e-06
2014-05-05 04:00:00,2.97566836759e-06
2014-05-05 06:00:00,2.97566836759e-06
2014-05-05 08:00:00,5.07847667638e-07
2014-05-05 10:00:00,5.07847667638e-07
2014-05-05 12:00:00,1.86474542811e-06
2014-05-05 14:00:00,1.35689776047e-06
2014-05-05 16:00:00,0.0
2014-05-05 18:00:00,0.0
2014-05-05 20:00:00,0.00069812389776
2014-05-05 22:00:00,0.0
2014-05-06 00:00:00,1.35689776047e-06
2014-05-06 02:00:00,2.39298251883e-06
2014-05-06 04:00:00,7.25043704475e-07
2014-05-06 06:00:00,1.76112846284e-06
2014-05-06 08:00:00,1.76112846284e-06
2014-05-06 10:00:00,0.0
2014-05-06 12:00:00,0.0
2014-05-06 14:00:00,4.25927208025e-06
2014-05-06 16:00:00,0.4633500558
2014-05-06 18:00:00,0.016722408
2014-05-06 20:00:00,1.4067725752
2014-05-06 22:00:00,0.00139438683599
2014-05-23 00:00:00,0.044593088
2014-05-23 02:00:00,0.0536510591
2014-05-23 04:00:00,0.1964882942
2014-05-23 06:00:00,5.3678929769
2014-05-23 08:00:00,0.0076658446101
2014-05-23 10:00:00,0.1170568562
2014-05-23 12:00:00,0.706521739
2014-05-23 14:00:00,0.4765886287
2014-05-23 16:00:00,0.3846153846
2014-05-23 18:00:00,0.4661371236
2014-05-23 20:00:00,1.9112318839
2014-05-23 22:00:00,0.005574136
2014-05-24 00:00:00,1.4464882942
2014-05-24 02:00:00,0.000696767
2014-05-24 04:00:00,1.187987737
2014-05-24 06:00:00,1.2416387958
2014-05-24 08:00:00,3.4692028986
2014-05-24 10:00:00,0.016722408
2014-05-24 12:00:00,0.00209306550786
2014-05-24 14:00:00,3.8433667784
2014-05-24 16:00:00,0.007664437
2014-05-24 18:00:00,2.3195373466
2014-05-24 20:00:00,0.1755852842
2014-05-24 22:00:00,0.000696767
2014-05-25 00:00:00,0.2501393533
2014-05-25 02:00:00,2.2345317725
2014-05-25 04:00:00,0.014632107
2014-05-25 06:00:00,0.0905797101
2014-05-25 08:00:00,0.0940643442447
2014-05-25 10:00:00,0.0543478261
2014-05-25 12:00:00,2.9375696767
2014-05-25 14:00:00,0.2633779265
2014-05-25 16:00:00,0.0675863991
2014-05-25 18:00:00,2.4052396879
2014-05-25 20:00:00,0.1658305462
2014-05-25 22:00:00,0.036231884
2014-05-26 00:00:00,2.6727982165
2014-05-26 02:00:00,2.1585841693
2014-05-26 04:00:00,1.276477146
2014-05-26 06:00:00,0.2180880715
2014-05-26 08:00:00,0.055044593
2014-05-26 10:00:00,0.7406633221
2014-05-26 12:00:00,1.1001950947
2014-05-26 14:00:00,2.3244147156
2014-05-26 16:00:00,5.2341137124
2014-05-26 18:00:00,0.004180602
2014-05-26 20:00:00,0.2250557413
2014-05-26 22:00:00,0.5560200668
2014-06-12 00:00:00,5.02495010222e-06
2014-06-12 02:00:00,5.02495010222e-06
2014-06-12 04:00:00,4.25927208025e-06
2014-06-12 06:00:00,2.64050147312e-06
2014-06-12 08:00:00,2.64050147312e-06
2014-06-12 10:00:00,2.64050147312e-06
2014-06-12 12:00:00,5.07847667638e-07
2014-06-12 14:00:00,5.07847667638e-07
2014-06-12 16:00:00,1.30689239241e-06
2014-06-12 18:00:00,4.24919405721e-06
2014-06-12 20:00:00,5.02495010222e-06
2014-06-12 22:00:00,5.02495010222e-06
2014-06-13 00:00:00,4.25927208025e-06
2014-06-13 02:00:00,2.64050147312e-06
2014-06-13 04:00:00,2.64050147312e-06
2014-06-13 06:00:00,2.64050147312e-06
2014-06-13 08:00:00,5.07847667638e-07
2014-06-13 10:00:00,5.07847667638e-07
2014-06-13 12:00:00,0.00139404184767
2014-06-13 14:00:00,5.07847667638e-07
2014-06-13 16:00:00,0.0
2014-06-13 18:00:00,4.24919405721e-06
2014-06-13 20:00:00,2.89229629674e-06
2014-06-13 22:00:00,4.29990639775e-06
2014-06-14 00:00:00,1.35689776047e-06
2014-06-14 02:00:00,3.74134638957e-06
2014-06-14 04:00:00,0.00278842489776
2014-06-14 06:00:00,0.008361204
2014-06-14 08:00:00,0.0
2014-06-14 10:00:00,0.0
2014-06-14 12:00:00,0.0
2014-06-14 14:00:00,0.0
2014-06-14 16:00:00,1.35689776047e-06
2014-06-14 18:00:00,1.35689776047e-06
2014-06-14 20:00:00,7.25043704475e-07
2014-06-14 22:00:00,7.25043704475e-07
2014-06-15 00:00:00,7.25043704475e-07
2014-06-15 02:00:00,0.0
2014-06-15 04:00:00,0.0
2014-06-15 06:00:00,0.0
2014-06-15 08:00:00,0.0
2014-06-15 10:00:00,0.00209165789776
2014-06-15 12:00:00,1.35689776047e-06
2014-06-15 14:00:00,0.0
2014-06-15 16:00:00,0.0
2014-06-15 18:00:00,1.03608475836e-06
2014-06-15 20:00:00,5.0634057975
2014-06-15 22:00:00,10.7511148278
2014-07-02 00:00:00,5.02495010222e-06
2014-07-02 02:00:00,0.12123953087
2014-07-02 04:00:00,5.02495010222e-06
2014-07-02 06:00:00,5.02495010222e-06
2014-07-02 08:00:00,2.07257041439e-06
2014-07-02 10:00:00,2.64050147312e-06
2014-07-02 12:00:00,7.25043704475e-07
2014-07-02 14:00:00,1.88892074368e-06
2014-07-02 16:00:00,0.0
2014-07-02 18:00:00,0.050863991
2014-07-02 20:00:00,6.4430044595
2014-07-02 22:00:00,9.5645206244
2014-07-03 00:00:00,13.4092809376
2014-07-03 02:00:00,2.4846711264
2014-07-03 04:00:00,0.00696767
2014-07-03 06:00:00,0.0
2014-07-03 08:00:00,1.03608475836e-06
2014-07-03 10:00:00,0.000697803084758
2014-07-03 12:00:00,0.00348487108476
2014-07-03 14:00:00,1.03608475836e-06
2014-07-03 16:00:00,1.03608475836e-06
2014-07-03 18:00:00,0.0
2014-07-03 20:00:00,0.0
2014-07-03 22:00:00,0.006270903
2014-07-04 00:00:00,0.0034845600437
2014-07-04 02:00:00,2.39676841131e-06
2014-07-04 04:00:00,1.88892074368e-06
2014-07-04 06:00:00,0.00139489089776
2014-07-04 08:00:00,1.35689776047e-06
2014-07-04 10:00:00,0.002090301
2014-07-04 12:00:00,0.00697005444863
2014-07-04 14:00:00,2.89229629674e-06
2014-07-04 16:00:00,0.000699151448629
2014-07-04 18:00:00,0.00209404234639
2014-07-04 20:00:00,3.74134638957e-06
2014-07-04 22:00:00,0.00069812389776
2014-07-05 00:00:00,1.35689776047e-06
2014-07-05 02:00:00,2.3844486291e-06
2014-07-05 04:00:00,2.6214886627e-06
2014-07-05 06:00:00,0.0
2014-07-05 08:00:00,1.35689776047e-06
2014-07-05 10:00:00,0.0
2014-07-05 12:00:00,1.35689776047e-06
2014-07-05 14:00:00,1.35689776047e-06
2014-07-05 16:00:00,4.24919405721e-06
2014-07-05 18:00:00,0.00279060222838
2014-07-05 20:00:00,5.02495010222e-06
2014-07-05 22:00:00,5.02495010222e-06
2014-07-22 00:00:00,0.0
2014-07-22 02:00:00,0.033444816
2014-07-22 04:00:00,0.036928651
2014-07-22 06:00:00,2.9689241919
2014-07-22 08:00:00,0.0647993311
2014-07-22 10:00:00,1.2074972129
2014-07-22 12:00:00,0.0641025641
2014-07-22 14:00:00,0.1351727983
2014-07-22 16:00:00,0.8152173912
2014-07-22 18:00:00,0.1393534003
2014-07-22 20:00:00,1.1747491638
2014-07-22 22:00:00,0.04877369
2014-07-23 00:00:00,0.0710702341
2014-07-23 02:00:00,0.6953734671
2014-07-23 04:00:00,1.2256131549
2014-07-23 06:00:00,4.1178929767
2014-07-23 08:00:00,3.7869286511
2014-07-23 10:00:00,0.011845039
2014-07-23 12:00:00,0.0
2014-07-23 14:00:00,0.0
2014-07-23 16:00:00,2.0763656633
2014-07-23 18:00:00,0.1498049053
2014-07-23 20:00:00,0.008361204
2014-07-23 22:00:00,5.2313266445
2014-07-24 00:00:00,4.6857580823
2014-07-24 02:00:00,0.8570234113
2014-07-24 04:00:00,1.1001950947
2014-07-24 06:00:00,0.4988851729
2014-07-24 08:00:00,0.0682831661
2014-07-24 10:00:00,0.032051282
2014-07-24 12:00:00,3.5653567447
2014-07-24 14:00:00,3.4364548493
2014-07-24 16:00:00,0.5344202898
2014-07-24 18:00:00,0.0104529126101
2014-07-24 20:00:00,0.0919732442
2014-07-24 22:00:00,0.0808249722
2014-07-25 00:00:00,5.1407469343
2014-07-25 02:00:00,0.7601727982
2014-07-25 04:00:00,0.071767001
2014-07-25 06:00:00,0.1923076923
2014-07-25 08:00:00,0.1205406912
2014-07-25 10:00:00,0.002787068
2014-07-25 12:00:00,0.009057971
2014-07-25 14:00:00,0.016722408
2014-07-25 16:00:00,0.010451505
2014-07-25 18:00:00,1.3224637681
2014-07-25 20:00:00,0.024386845
2014-07-25 22:00:00,0.1609531772
2014-08-11 00:00:00,4.29990639775e-06
2014-08-11 02:00:00,4.29990639775e-06
2014-08-11 04:00:00,2.89229629674e-06
2014-08-11 06:00:00,3.74134638957e-06
2014-08-11 08:00:00,1.56472274675e-06
2014-08-11 10:00:00,1.56472274675e-06
2014-08-11 12:00:00,3.74134638957e-06
2014-08-11 14:00:00,3.74134638957e-06
2014-08-11 16:00:00,1.35689776047e-06
2014-08-11 18:00:00,1.35689776047e-06
2014-08-11 20:00:00,5.02495010222e-06
2014-08-11 22:00:00,5.02495010222e-06
2014-08-12 00:00:00,5.02495010222e-06
2014-08-12 02:00:00,2.89229629674e-06
2014-08-12 04:00:00,4.24919405721e-06
2014-08-12 06:00:00,2.07257041439e-06
2014-08-12 08:00:00,2.07257041439e-06
2014-08-12 10:00:00,2.07257041439e-06
2014-08-12 12:00:00,2.07257041439e-06
2014-08-12 14:00:00,1.56472274675e-06
2014-08-12 16:00:00,0.007664437
2014-08-12 18:00:00,1.35689776047e-06
2014-08-12 20:00:00,1.35689776047e-06
2014-08-12 22:00:00,1.35689776047e-06
2014-08-13 00:00:00,1.35689776047e-06
2014-08-13 02:00:00,4.29990639775e-06
2014-08-13 04:00:00,4.24919405721e-06
2014-08-13 06:00:00,2.07257041439e-06
2014-08-13 08:00:00,2.07257041439e-06
2014-08-13 10:00:00,2.07257041439e-06
2014-08-13 12:00:00,0.00418216672275
2014-08-13 14:00:00,3.74134638957e-06
2014-08-13 16:00:00,0.0
2014-08-13 18:00:00,0.0
2014-08-13 20:00:00,3.74134638957e-06
2014-08-13 22:00:00,7.99044724771e-07
2014-08-14 00:00:00,7.99044724771e-07
2014-08-14 02:00:00,7.99044724771e-07
2014-08-14 04:00:00,7.99044724771e-07
2014-08-14 06:00:00,0.0
2014-08-14 08:00:00,1.56472274675e-06
2014-08-14 10:00:00,1.30689239241e-06
2014-08-14 12:00:00,0.0
2014-08-14 14:00:00,0.0
2014-08-14 16:00:00,0.0
2014-08-14 18:00:00,0.0
2014-08-14 20:00:00,0.0
2014-08-14 22:00:00,0.0
2014-08-31 00:00:00,7.25043704475e-07
2014-08-31 02:00:00,7.25043704475e-07
2014-08-31 04:00:00,2.64050147312e-06
2014-08-31 06:00:00,3.50086167298e-06
2014-08-31 08:00:00,0.009754738
2014-08-31 10:00:00,0.0
2014-08-31 12:00:00,0.00209165789776
2014-08-31 14:00:00,0.0
2014-08-31 16:00:00,0.0
2014-08-31 18:00:00,0.0111513938121
2014-08-31 20:00:00,2.36365830836e-06
2014-08-31 22:00:00,0.000698310932426
2014-09-01 00:00:00,1.88892074368e-06
2014-09-01 02:00:00,1.88892074368e-06
2014-09-01 04:00:00,1.36068365295e-06
2014-09-01 06:00:00,0.0104528325735
2014-09-01 08:00:00,2.09325157197e-06
2014-09-01 10:00:00,1.61877060712e-06
2014-09-01 12:00:00,2.09325157197e-06
2014-09-01 14:00:00,0.000698860251572
2014-09-01 16:00:00,2.09325157197e-06
2014-09-01 18:00:00,2.36365830836e-06
2014-09-01 20:00:00,3.12933633033e-06
2014-09-01 22:00:00,4.53694643134e-06
2014-09-02 00:00:00,2.89229629674e-06
2014-09-02 02:00:00,2.09325157197e-06
2014-09-02 04:00:00,2.09325157197e-06
2014-09-02 06:00:00,2.09325157197e-06
2014-09-02 08:00:00,4.29990639775e-06
2014-09-02 10:00:00,4.29990639775e-06
2014-09-02 12:00:00,0.0013951194039
2014-09-02 14:00:00,0.000698352403904
2014-09-02 16:00:00,0.00139435372588
2014-09-02 18:00:00,1.32757354999e-06
2014-09-02 20:00:00,0.00627299625157
2014-09-02 22:00:00,1.58540390433e-06
2014-09-03 00:00:00,0.00557602492074
2014-09-03 02:00:00,8.52835985312e-07
2014-09-03 04:00:00,0.00139489089776
2014-09-03 06:00:00,1.35689776047e-06
2014-09-03 08:00:00,2.97566836759e-06
2014-09-03 10:00:00,0.005574136
2014-09-03 12:00:00,0.0
2014-09-03 14:00:00,0.0
2014-09-03 16:00:00,0.0
2014-09-03 18:00:00,2.09325157197e-06
2014-09-03 20:00:00,2.36365830836e-06
2014-09-03 22:00:00,0.00348592825157
2014-09-20 00:00:00,0.1059085842
2014-09-20 02:00:00,0.018115942
2014-09-20 04:00:00,0.0090593786101
2014-09-20 06:00:00,1.2137681159
2014-09-20 08:00:00,0.046683389
2014-09-20 10:00:00,0.0940643442447
2014-09-20 12:00:00,2.488851728
2014-09-20 14:00:00,1.1043756969
2014-09-20 16:00:00,0.0961538462
2014-09-20 18:00:00,2.7452619844
2014-09-20 20:00:00,5.620819398
2014-09-20 22:00:00,0.022993311
2014-09-21 00:00:00,0.009754738
2014-09-21 02:00:00,2.2526477145
2014-09-21 04:00:00,0.5588071348
2014-09-21 06:00:00,2.8079710144
2014-09-21 08:00:00,0.1741917503
2014-09-21 10:00:00,0.0578316611
2014-09-21 12:00:00,0.013936105678
2014-09-21 14:00:00,6.555880714
2014-09-21 16:00:00,0.052954292
2014-09-21 18:00:00,0.1351727983
2014-09-21 20:00:00,0.4215440357
2014-09-21 22:00:00,0.031354515
2014-09-22 00:00:00,0.1581661093
2014-09-22 02:00:00,1.7398272018
2014-09-22 04:00:00,0.027173913
2014-09-22 06:00:00,0.1734949832
2014-09-22 08:00:00,1.9997212934
2014-09-22 10:00:00,0.032051282
2014-09-22 12:00:00,0.0034845600437
2014-09-22 14:00:00,1.4353400221
2014-09-22 16:00:00,3.6385172798
2014-09-22 18:00:00,0.029264214
2014-09-22 20:00:00,0.007664437
2014-09-22 22:00:00,0.024386845
2014-09-23 00:00:00,0.9559643255
2014-09-23 02:00:00,0.027173913
2014-09-23 04:00:00,1.2263099219
2014-09-23 06:00:00,0.4605629878
2014-09-23 08:00:00,0.000697619835985
2014-09-23 10:00:00,0.02090301
2014-09-23 12:00:00,0.1790691194
2014-09-23 14:00:00,0.1602564102
2014-09-23 16:00:00,0.2661649944
2014-09-23 18:00:00,2.8309643255
2014-09-23 20:00:00,0.00418249092074
2014-09-23 22:00:00,0.1163600891
2014-10-10 00:00:00,1.35689776047e-06
2014-10-10 02:00:00,1.35689776047e-06
2014-10-10 04:00:00,1.35689776047e-06
2014-10-10 06:00:00,1.35689776047e-06
2014-10-10 08:00:00,0.0
2014-10-10 10:00:00,0.0
2014-10-10 12:00:00,0.0
2014-10-10 14:00:00,7.25043704475e-07
2014-10-10 16:00:00,0.000697492043704
2014-10-10 18:00:00,0.00069812389776
2014-10-10 20:00:00,1.35689776047e-06
2014-10-10 22:00:00,1.35689776047e-06
2014-10-11 00:00:00,1.35689776047e-06
2014-10-11 02:00:00,1.35689776047e-06
2014-10-11 04:00:00,1.35689776047e-06
2014-10-11 06:00:00,0.00975609489776
2014-10-11 08:00:00,1.35689776047e-06
2014-10-11 10:00:00,1.35689776047e-06
2014-10-11 12:00:00,0.0
2014-10-11 14:00:00,0.0
2014-10-11 16:00:00,1.88892074368e-06
2014-10-11 18:00:00,1.88892074368e-06
2014-10-11 20:00:00,0.0926700112
2014-10-11 22:00:00,0.0
2014-10-12 00:00:00,0.035535117
2014-10-12 02:00:00,3.6461817171
2014-10-12 04:00:00,8.9952619845
2014-10-12 06:00:00,6.3635730211
2014-10-12 08:00:00,4.7637959865
2014-10-12 10:00:00,0.002787068
2014-10-12 12:00:00,7.25043704475e-07
2014-10-12 14:00:00,0.000696767
2014-10-12 16:00:00,0.009754738
2014-10-12 18:00:00,0.000696767
2014-10-12 20:00:00,2.9515050169
2014-10-12 22:00:00,12.0122630991
2014-10-13 00:00:00,7.516025641
2014-10-13 02:00:00,7.6240245263
2014-10-13 04:00:00,3.7513935339
2014-10-13 06:00:00,2.6135730212
2014-10-13 08:00:00,1.8624581941
2014-10-13 10:00:00,0.0
2014-10-13 12:00:00,7.25043704475e-07
2014-10-13 14:00:00,7.25043704475e-07
2014-10-13 16:00:00,7.25043704475e-07
2014-10-13 18:00:00,0.1930044592
2014-10-13 20:00:00,10.8674749163
2014-10-13 22:00:00,13.568840579
2014-12-09 00:00:00,0.0
2014-12-09 02:00:00,7.65678021978e-07
2014-12-09 04:00:00,0.00696984328812
2014-12-09 06:00:00,2.17328812299e-06
2014-12-09 08:00:00,3.4061794951e-06
2014-12-09 10:00:00,3.9283810551e-06
2014-12-09 12:00:00,5.28527881557e-06
2014-12-09 14:00:00,5.28527881557e-06
2014-12-09 16:00:00,4.77743114793e-06
2014-12-09 18:00:00,1.80176278034e-06
2014-12-09 20:00:00,1.80176278034e-06
2014-12-09 22:00:00,0.000699159982519
2014-12-10 00:00:00,4.77743114793e-06
2014-12-10 02:00:00,4.77743114793e-06
2014-12-10 04:00:00,4.77743114793e-06
2014-12-10 06:00:00,5.28527881557e-06
2014-12-10 08:00:00,3.74134638957e-06
2014-12-10 10:00:00,3.74134638957e-06
2014-12-10 12:00:00,1.40761010101e-06
2014-12-10 14:00:00,0.000698655920744
2014-12-10 16:00:00,1.88892074368e-06
2014-12-10 18:00:00,2.61396444815e-06
2014-12-10 20:00:00,1.88892074368e-06
2014-12-10 22:00:00,1.88892074368e-06
2014-12-11 00:00:00,2.26044608632e-06
2014-12-11 02:00:00,2.26044608632e-06
2014-12-11 04:00:00,0.000699027446086
2014-12-11 06:00:00,2.26044608632e-06
2014-12-11 08:00:00,3.29653084469e-06
2014-12-11 10:00:00,3.24581850414e-06
2014-12-11 12:00:00,3.24581850414e-06
2014-12-11 14:00:00,3.42053338747e-06
2014-12-11 16:00:00,2.6214886627e-06
2014-12-11 18:00:00,0.000697803084758
2014-12-11 20:00:00,0.0
2014-12-11 22:00:00,2.95154252701e-06
2014-12-12 00:00:00,1.543932426e-06
2014-12-12 02:00:00,1.03608475836e-06
2014-12-12 04:00:00,7.65678021978e-07
2014-12-12 06:00:00,8.52835985312e-07
2014-12-12 08:00:00,3.75366617178e-06
2014-12-12 10:00:00,2.39676841131e-06
2014-12-12 12:00:00,3.75366617178e-06
2014-12-12 14:00:00,3.24581850414e-06
2014-12-12 16:00:00,1.88892074368e-06
2014-12-12 18:00:00,8.52835985312e-07
2014-12-12 20:00:00,7.65678021978e-07
2014-12-12 22:00:00,2.71758141342e-06
2014-12-29 00:00:00,0.4988851727
2014-12-29 02:00:00,0.1637402452
2014-12-29 04:00:00,0.024386845
2014-12-29 06:00:00,0.0968506132
2014-12-29 08:00:00,6.2841415837
2014-12-29 10:00:00,0.0675863991
2014-12-29 12:00:00,0.1518952062
2014-12-29 14:00:00,2.0373467112
2014-12-29 16:00:00,0.0891861761
2014-12-29 18:00:00,3.4253065775
2014-12-29 20:00:00,0.0139360650437
2014-12-29 22:00:00,0.2236622074
2014-12-30 00:00:00,0.3274804905
2014-12-30 02:00:00,1.0974080267
2014-12-30 04:00:00,1.286928651
2014-12-30 06:00:00,10.3358416959
2014-12-30 08:00:00,5.6960702343
2014-12-30 10:00:00,0.1191471572
2014-12-30 12:00:00,0.7971014491
2014-12-30 14:00:00,0.712792642
2014-12-30 16:00:00,0.011148272
2014-12-30 18:00:00,0.0
2014-12-30 20:00:00,0.2466555183
2014-12-30 22:00:00,4.8710981049
2014-12-31 00:00:00,0.7977982163
2014-12-31 02:00:00,0.058528428
2014-12-31 04:00:00,0.024386845
2014-12-31 06:00:00,0.4772853957
2014-12-31 08:00:00,0.047380156
2014-12-31 10:00:00,0.9692028984
2014-12-31 12:00:00,0.3915830547
2014-12-31 14:00:00,0.01393534
2014-12-31 16:00:00,2.8853121516
2014-12-31 18:00:00,2.5006967671
2014-12-31 20:00:00,0.0048780940437
2014-12-31 22:00:00,0.4724080268
2015-01-01 00:00:00,0.03483835
2015-01-01 02:00:00,0.042502787
2015-01-01 04:00:00,0.025083612
2015-01-01 06:00:00,1.3147993311
2015-01-01 08:00:00,0.000697492043704
2015-01-01 10:00:00,1.4882943142
2015-01-01 12:00:00,2.1760033444
2015-01-01 14:00:00,0.022296544
2015-01-01 16:00:00,0.0411092531
2015-01-01 18:00:00,0.0634057971
2015-01-01 20:00:00,2.2491638796
2015-01-01 22:00:00,0.02787068
2015-01-18 00:00:00,3.6942586406
2015-01-18 02:00:00,2.8051839466
2015-01-18 04:00:00,1.8088071349
2015-01-18 06:00:00,0.9956800445
2015-01-18 08:00:00,0.9754738015
2015-01-18 10:00:00,0.8319397993
2015-01-18 12:00:00,1.5893255296
2015-01-18 14:00:00,0.4863433668
2015-01-18 16:00:00,6.7008082494
2015-01-18 18:00:00,6.9293478258
2015-01-18 20:00:00,21.064659978
2015-01-18 22:00:00,21.9307413612
2015-01-19 00:00:00,18.9423076931
2015-01-19 02:00:00,12.9584726874
2015-01-19 04:00:00,16.6576086954
2015-01-19 06:00:00,9.3206521744
2015-01-19 08:00:00,12.1767001119
2015-01-19 10:00:00,13.0650780385
2015-01-19 12:00:00,11.5907190633
2015-01-19 14:00:00,0.5562734367
2015-01-19 16:00:00,0.3846153846
2015-01-19 18:00:00,0.7866499444
2015-01-19 20:00:00,5.0160256414
2015-01-19 22:00:00,0.7831661094
2015-01-20 00:00:00,3.8064381273
2015-01-20 02:00:00,1.7091694541
2015-01-20 04:00:00,2.3021181715
2015-01-20 06:00:00,4.2070791527
2015-01-20 08:00:00,2.3822463769
2015-01-20 10:00:00,2.408723523
2015-01-20 12:00:00,2.1404682276
2015-01-20 14:00:00,0.1525919732
2015-01-20 16:00:00,0.002090301
2015-01-20 18:00:00,12.8023968785
2015-01-20 20:00:00,10.6389353422
2015-01-20 22:00:00,12.3655239685
2015-01-21 00:00:00,11.9620958742
2015-01-21 02:00:00,13.2678372342
2015-01-21 04:00:00,10.1198439238
2015-01-21 06:00:00,5.8110367895
2015-01-21 08:00:00,3.1967670013
2015-01-21 10:00:00,0.0
2015-01-21 12:00:00,0.004877369
2015-01-21 14:00:00,0.000696767
2015-01-21 16:00:00,0.000696767
2015-01-21 18:00:00,1.1057692309
2015-01-21 20:00:00,8.0009754749
2015-01-21 22:00:00,2.483277592
2015-02-07 00:00:00,1.8436454851
2015-02-07 02:00:00,1.5273132666
2015-02-07 04:00:00,2.3488015608
2015-02-07 06:00:00,3.3138238574
2015-02-07 08:00:00,1.815078038
2015-02-07 10:00:00,0.000696767
2015-02-07 12:00:00,0.0
2015-02-07 14:00:00,0.0
2015-02-07 16:00:00,0.0
2015-02-07 18:00:00,0.7796822742
2015-02-07 20:00:00,7.4477424761
2015-02-07 22:00:00,2.355769231
2015-02-08 00:00:00,4.8425306579
2015-02-08 02:00:00,3.697045708
2015-02-08 04:00:00,0.2399412181
2015-02-08 06:00:00,0.002090301
2015-02-08 08:00:00,5.07847667638e-07
2015-02-08 10:00:00,2.76829375396e-06
2015-02-08 12:00:00,3.75366617178e-06
2015-02-08 14:00:00,1.88892074368e-06
2015-02-08 16:00:00,0.000696767
2015-02-08 18:00:00,0.0808249721
2015-02-08 20:00:00,0.1741917503
2015-02-08 22:00:00,0.1734949833
2015-02-09 00:00:00,0.0
2015-02-09 02:00:00,0.1734949833
2015-02-09 04:00:00,0.1734949833
2015-02-09 06:00:00,0.4459308807
2015-02-09 08:00:00,0.000697619835985
2015-02-09 10:00:00,0.0
2015-02-09 12:00:00,0.0
2015-02-09 14:00:00,0.0
2015-02-09 16:00:00,2.1425585286
2015-02-09 18:00:00,0.0
2015-02-09 20:00:00,0.4487179487
2015-02-09 22:00:00,0.2842809364
2015-02-10 00:00:00,0.9817447047
2015-02-10 02:00:00,0.002090301
2015-02-10 04:00:00,0.0
2015-02-10 06:00:00,0.000696767
2015-02-10 08:00:00,8.52835985312e-07
2015-02-10 10:00:00,3.75366617178e-06
2015-02-10 12:00:00,0.002090301
2015-02-10 14:00:00,0.00627270476278
2015-02-10 16:00:00,0.0
2015-02-10 18:00:00,0.000696767
2015-02-10 20:00:00,0.000696767
2015-02-10 22:00:00,2.20973374578e-06
2015-02-27 00:00:00,0.1825529543
2015-02-27 02:00:00,0.0933667782
2015-02-27 04:00:00,4.365942029
2015-02-27 06:00:00,0.8319397993
2015-02-27 08:00:00,0.044593088
2015-02-27 10:00:00,0.4828595317
2015-02-27 12:00:00,2.4163879599
2015-02-27 14:00:00,0.9496934224
2015-02-27 16:00:00,2.6484113712
2015-02-27 18:00:00,0.0634057971
2015-02-27 20:00:00,0.9002229653
2015-02-27 22:00:00,0.0515607581
2015-02-28 00:00:00,2.2888795984
2015-02-28 02:00:00,0.5358138237
2015-02-28 04:00:00,0.032051282
2015-02-28 06:00:00,0.0738573021
2015-02-28 08:00:00,4.6746098105
2015-02-28 10:00:00,0.0766443701
2015-02-28 12:00:00,1.7607302116
2015-02-28 14:00:00,0.4577759196
2015-02-28 16:00:00,6.7356466001
2015-02-28 18:00:00,0.8012820513
2015-02-28 20:00:00,0.105909383245
2015-02-28 22:00:00,0.1616499442
2015-03-01 00:00:00,1.0444537345
2015-03-01 02:00:00,0.8897714603
2015-03-01 04:00:00,0.039715719
2015-03-01 06:00:00,0.6305741359
2015-03-01 08:00:00,0.1511984393
2015-03-01 10:00:00,0.0229940360437
2015-03-01 12:00:00,0.1672240802
2015-03-01 14:00:00,1.7265886286
2015-03-01 16:00:00,1.9711538464
2015-03-01 18:00:00,0.0
2015-03-01 20:00:00,0.5650780378
2015-03-01 22:00:00,0.02090301
2015-03-02 00:00:00,0.1888238572
2015-03-02 02:00:00,0.1881270902
2015-03-02 04:00:00,0.008361204
2015-03-02 06:00:00,4.492753623
2015-03-02 08:00:00,3.3765328874
2015-03-02 10:00:00,0.0647993311
2015-03-02 12:00:00,0.1219342252
2015-03-02 14:00:00,0.022993311
2015-03-02 16:00:00,0.9078874023
2015-03-02 18:00:00,1.5370680044
2015-03-02 20:00:00,2.3634336678
2015-03-02 22:00:00,0.005574136
2015-03-19 00:00:00,10.6159420299
2015-03-19 02:00:00,8.5744147154
2015-03-19 04:00:00,5.4469760313
2015-03-19 06:00:00,8.6336399121
2015-03-19 08:00:00,3.3274108138
2015-03-19 10:00:00,2.0930880715
2015-03-19 12:00:00,2.8553511706
2015-03-19 14:00:00,6.7649108137
2015-03-19 16:00:00,1.7210144929
2015-03-19 18:00:00,8.1166387968
2015-03-19 20:00:00,8.1744704574
2015-03-19 22:00:00,5.6598383504
2015-03-20 00:00:00,3.9088628764
2015-03-20 02:00:00,8.338907469
2015-03-20 04:00:00,3.5103121516
2015-03-20 06:00:00,3.1521739131
2015-03-20 08:00:00,1.7502787068
2015-03-20 10:00:00,2.2080546264
2015-03-20 12:00:00,2.1801839466
2015-03-20 14:00:00,2.1801839466
2015-03-20 16:00:00,0.7741081383
2015-03-20 18:00:00,1.6018673357
2015-03-20 20:00:00,2.6219342252
2015-03-20 22:00:00,3.20164437
2015-03-21 00:00:00,2.1871516165
2015-03-21 02:00:00,2.8156354515
2015-03-21 04:00:00,0.8124303233
2015-03-21 06:00:00,5.2013656638
2015-03-21 08:00:00,3.7019230768
2015-03-21 10:00:00,5.4027313267
2015-03-21 12:00:00,0.647993311
2015-03-21 14:00:00,0.7169732443
2015-03-21 16:00:00,0.3163322184
2015-03-21 18:00:00,0.0613154961
2015-03-21 20:00:00,3.2608695652
2015-03-21 22:00:00,0.9002229655
2015-03-22 00:00:00,1.206800446
2015-03-22 02:00:00,1.6109253066
2015-03-22 04:00:00,1.282051282
2015-03-22 06:00:00,1.5252229656
2015-03-22 08:00:00,0.0599219621
2015-03-22 10:00:00,0.0376254181
2015-03-22 12:00:00,0.8974358973
2015-03-22 14:00:00,0.2884615384
2015-03-22 16:00:00,4.246794872
2015-03-22 18:00:00,1.7091694538
2015-03-22 20:00:00,0.6779542921
2015-03-22 22:00:00,1.9356187292
2015-08-06 00:00:00,5.02495010222e-06
2015-08-06 02:00:00,0.00557677650147
2015-08-06 04:00:00,7.25043704475e-07
2015-08-06 06:00:00,0.0
2015-08-06 08:00:00,0.0
2015-08-06 10:00:00,0.0
2015-08-06 12:00:00,0.00418110984767
2015-08-06 14:00:00,0.0
2015-08-06 16:00:00,0.0
2015-08-06 18:00:00,7.25043704475e-07
2015-08-06 20:00:00,1.2938963212
2015-08-06 22:00:00,1.7830267561
2015-08-07 00:00:00,7.25043704475e-07
2015-08-07 02:00:00,0.000697492043704
2015-08-07 04:00:00,0.0
2015-08-07 06:00:00,0.042502787
2015-08-07 08:00:00,0.0076651620437
2015-08-07 10:00:00,0.021599777
2015-08-07 12:00:00,0.3435061316
2015-08-07 14:00:00,0.3170289855
2015-08-07 16:00:00,0.1435340022
2015-08-07 18:00:00,0.0034845600437
2015-08-07 20:00:00,0.0069683950437
2015-08-07 22:00:00,7.25043704475e-07
2015-08-08 00:00:00,0.000696767
2015-08-08 02:00:00,0.002787068
2015-08-08 04:00:00,0.011845039
2015-08-08 06:00:00,0.000697619835985
2015-08-08 08:00:00,0.000696767
2015-08-08 10:00:00,0.0
2015-08-08 12:00:00,1.35689776047e-06
2015-08-08 14:00:00,1.35689776047e-06
2015-08-08 16:00:00,0.0
2015-08-08 18:00:00,7.25043704475e-07
2015-08-08 20:00:00,7.25043704475e-07
2015-08-08 22:00:00,7.25043704475e-07
2015-08-09 00:00:00,7.25043704475e-07
2015-08-09 02:00:00,0.000701791950102
2015-08-09 04:00:00,5.02495010222e-06
2015-08-09 06:00:00,4.25927208025e-06
2015-08-09 08:00:00,2.13265380548e-06
2015-08-09 10:00:00,2.64050147312e-06
2015-08-09 12:00:00,0.0933667781
2015-08-09 14:00:00,0.00139626918365
2015-08-09 16:00:00,5.02495010222e-06
2015-08-09 18:00:00,0.0689799331
2015-08-09 20:00:00,0.042502787
2015-08-09 22:00:00,0.001393534
2015-08-26 00:00:00,0.1693143812
2015-08-26 02:00:00,0.1351727983
2015-08-26 04:00:00,0.5232720178
2015-08-26 06:00:00,0.004180602
2015-08-26 08:00:00,0.025083612
2015-08-26 10:00:00,2.4658584168
2015-08-26 12:00:00,0.0759476031
2015-08-26 14:00:00,0.8291527313
2015-08-26 16:00:00,0.0648001301447
2015-08-26 18:00:00,0.005574136
2015-08-26 20:00:00,1.680602007
2015-08-26 22:00:00,1.5530936454
2015-08-27 00:00:00,0.7936176142
2015-08-27 02:00:00,0.1017279822
2015-08-27 04:00:00,0.0139360650437
2015-08-27 06:00:00,0.2933389075
2015-08-27 08:00:00,4.8278985511
2015-08-27 10:00:00,0.0271744208477
2015-08-27 12:00:00,0.1456243033
2015-08-27 14:00:00,0.004180602
2015-08-27 16:00:00,0.7901337794
2015-08-27 18:00:00,0.00487885972173
2015-08-27 20:00:00,1.1503623187
2015-08-27 22:00:00,1.275083612
2015-08-28 00:00:00,0.1602564102
2015-08-28 02:00:00,0.0759476031
2015-08-28 04:00:00,3.5284280937
2015-08-28 06:00:00,0.0968506132
2015-08-28 08:00:00,0.1449275363
2015-08-28 10:00:00,5.1017279823
2015-08-28 12:00:00,0.2396878483
2015-08-28 14:00:00,0.7636566332
2015-08-28 16:00:00,1.5356744705
2015-08-28 18:00:00,1.4374303231
2015-08-28 20:00:00,2.0916945372
2015-08-28 22:00:00,0.1059085842
2015-08-29 00:00:00,0.028567447
2015-08-29 02:00:00,0.1052118172
2015-08-29 04:00:00,1.7419175027
2015-08-29 06:00:00,0.03483835
2015-08-29 08:00:00,0.4229375695
2015-08-29 10:00:00,2.3460144925
2015-08-29 12:00:00,0.050167224
2015-08-29 14:00:00,0.014632872678
2015-08-29 16:00:00,0.1950947604
2015-08-29 18:00:00,6.1426978819
2015-08-29 20:00:00,0.8256688963
2015-08-29 22:00:00,0.1916109253
2015-09-15 00:00:00,7.5125418057
2015-09-15 02:00:00,9.1158026752
2015-09-15 04:00:00,8.2566889623
2015-09-15 06:00:00,11.629041249
2015-09-15 08:00:00,13.7527870678
2015-09-15 10:00:00,3.4719899664
2015-09-15 12:00:00,1.197742475
2015-09-15 14:00:00,0.006270903
2015-09-15 16:00:00,0.2362040134
2015-09-15 18:00:00,1.0479375696
2015-09-15 20:00:00,8.4636287627
2015-09-15 22:00:00,16.5238294314
2015-09-16 00:00:00,12.6400501666
2015-09-16 02:00:00,16.4722686721
2015-09-16 04:00:00,20.72254738
2015-09-16 06:00:00,16.6527313264
2015-09-16 08:00:00,15.6452062438
2015-09-16 10:00:00,3.3716555187
2015-09-16 12:00:00,2.9229375697
2015-09-16 14:00:00,5.0264771459
2015-09-16 16:00:00,0.2733860343
2015-09-16 18:00:00,4.7150222962
2015-09-16 20:00:00,11.043756968
2015-09-16 22:00:00,13.8370958751
2015-09-17 00:00:00,16.5523968784
2015-09-17 02:00:00,14.9714325534
2015-09-17 04:00:00,16.1852006698
2015-09-17 06:00:00,14.5596432558
2015-09-17 08:00:00,6.8959030105
2015-09-17 10:00:00,3.5709308805
2015-09-17 12:00:00,0.4751950948
2015-09-17 14:00:00,0.00696767
2015-09-17 16:00:00,0.147967974
2015-09-17 18:00:00,3.1661092532
2015-09-17 20:00:00,9.1722408029
2015-09-17 22:00:00,9.1722408029
2015-09-18 00:00:00,10.8173076923
2015-09-18 02:00:00,4.5582497214
2015-09-18 04:00:00,2.1760033446
2015-09-18 06:00:00,11.9223801561
2015-09-18 08:00:00,14.9066332234
2015-09-18 10:00:00,3.7625418065
2015-09-18 12:00:00,2.4693422521
2015-09-18 14:00:00,1.780239688
2015-09-18 16:00:00,0.1560758082
2015-09-18 18:00:00,2.3056020066
2015-09-18 20:00:00,2.1105072464
2015-09-18 22:00:00,0.032051282
2015-10-05 00:00:00,2.13265380548e-06
2015-10-05 02:00:00,2.13265380548e-06
2015-10-05 04:00:00,2.13265380548e-06
2015-10-05 06:00:00,2.13265380548e-06
2015-10-05 08:00:00,2.13265380548e-06
2015-10-05 10:00:00,2.13265380548e-06
2015-10-05 12:00:00,2.64050147312e-06
2015-10-05 14:00:00,5.07847667638e-07
2015-10-05 16:00:00,0.0
2015-10-05 18:00:00,0.0
2015-10-05 20:00:00,1.35689776047e-06
2015-10-05 22:00:00,0.0
2015-10-06 00:00:00,0.0
2015-10-06 02:00:00,4.29990639775e-06
2015-10-06 04:00:00,3.74134638957e-06
2015-10-06 06:00:00,3.74134638957e-06
2015-10-06 08:00:00,4.24919405721e-06
2015-10-06 10:00:00,0.00418267457041
2015-10-06 12:00:00,4.24919405721e-06
2015-10-06 14:00:00,2.89229629674e-06
2015-10-06 16:00:00,1.35689776047e-06
2015-10-06 18:00:00,0.0
2015-10-06 20:00:00,0.007664437
2015-10-06 22:00:00,0.000698899653805
2015-10-07 00:00:00,2.64050147312e-06
2015-10-07 02:00:00,4.29990639775e-06
2015-10-07 04:00:00,3.48351603523e-06
2015-10-07 06:00:00,0.0
2015-10-07 08:00:00,0.0
2015-10-07 10:00:00,1.35689776047e-06
2015-10-07 12:00:00,0.0
2015-10-07 14:00:00,0.0
2015-10-07 16:00:00,0.0
2015-10-07 18:00:00,1.5893255296
2015-10-07 20:00:00,2.0491917503
2015-10-07 22:00:00,5.0877926421
2015-10-08 00:00:00,7.2617056859
2015-10-08 02:00:00,6.949554069
2015-10-08 04:00:00,6.079292085
2015-10-08 06:00:00,16.8910256404
2015-10-08 08:00:00,20.460562988
2015-10-08 10:00:00,5.216694537
2015-10-08 12:00:00,1.4464882944
2015-10-08 14:00:00,0.1818561873
2015-10-08 16:00:00,0.008361204
2015-10-08 18:00:00,0.026477146
2015-10-08 20:00:00,1.1821456136
2015-10-08 22:00:00,1.1912035846
2015-10-25 00:00:00,0.0529542921
2015-10-25 02:00:00,0.9106744703
2015-10-25 04:00:00,0.0968506132
2015-10-25 06:00:00,0.0773411371
2015-10-25 08:00:00,0.0919732442
2015-10-25 10:00:00,1.8220457078
2015-10-25 12:00:00,0.4138795987
2015-10-25 14:00:00,0.1163600892
2015-10-25 16:00:00,0.1114827202
2015-10-25 18:00:00,0.013936192836
2015-10-25 20:00:00,0.4271181718
2015-10-25 22:00:00,1.4179208472
2015-10-26 00:00:00,2.2554347826
2015-10-26 02:00:00,0.2564102563
2015-10-26 04:00:00,0.020206243
2015-10-26 06:00:00,0.018115942
2015-10-26 08:00:00,0.2459587515
2015-10-26 10:00:00,1.936315496
2015-10-26 12:00:00,0.3846153846
2015-10-26 14:00:00,0.4368729097
2015-10-26 16:00:00,0.005574136
2015-10-26 18:00:00,0.3205128205
2015-10-26 20:00:00,0.1212374582
2015-10-26 22:00:00,1.8492196209
2015-10-27 00:00:00,0.018115942
2015-10-27 02:00:00,0.0299617060437
2015-10-27 04:00:00,0.1351727983
2015-10-27 06:00:00,0.004877369
2015-10-27 08:00:00,0.032051282
2015-10-27 10:00:00,0.5859810479
2015-10-27 12:00:00,0.025083612
2015-10-27 14:00:00,0.0738573021
2015-10-27 16:00:00,0.00487954228812
2015-10-27 18:00:00,5.2738294315
2015-10-27 20:00:00,0.5051560758
2015-10-27 22:00:00,0.0473801561
2015-10-28 00:00:00,1.3127090301
2015-10-28 02:00:00,0.2424749163
2015-10-28 04:00:00,0.2501393533
2015-10-28 06:00:00,0.0
2015-10-28 08:00:00,0.0940635452
2015-10-28 10:00:00,0.034141583
2015-10-28 12:00:00,0.4828595317
2015-10-28 14:00:00,0.3414158305
2015-10-28 16:00:00,0.1839464884
2015-10-28 18:00:00,0.0675863991
2015-10-28 20:00:00,0.03483835
2015-10-28 22:00:00,0.00278792083599
2015-11-14 00:00:00,4.77743114793e-06
2015-11-14 02:00:00,4.77743114793e-06
2015-11-14 04:00:00,4.77743114793e-06
2015-11-14 06:00:00,3.24581850414e-06
2015-11-14 08:00:00,3.24581850414e-06
2015-11-14 10:00:00,2.90083018647e-06
2015-11-14 12:00:00,0.00557464384767
2015-11-14 14:00:00,1.35689776047e-06
2015-11-14 16:00:00,1.35689776047e-06
2015-11-14 18:00:00,3.24581850414e-06
2015-11-14 20:00:00,4.77743114793e-06
2015-11-14 22:00:00,3.24581850414e-06
2015-11-15 00:00:00,3.24581850414e-06
2015-11-15 02:00:00,3.24581850414e-06
2015-11-15 04:00:00,4.01175312596e-06
2015-11-15 06:00:00,3.24581850414e-06
2015-11-15 08:00:00,1.35689776047e-06
2015-11-15 10:00:00,4.01175312596e-06
2015-11-15 12:00:00,2.20973374578e-06
2015-11-15 14:00:00,1.76112846284e-06
2015-11-15 16:00:00,1.03608475836e-06
2015-11-15 18:00:00,5.28527881557e-06
2015-11-15 20:00:00,3.9283810551e-06
2015-11-15 22:00:00,5.33599115611e-06
2015-11-16 00:00:00,6.06103486059e-06
2015-11-16 02:00:00,6.06103486059e-06
2015-11-16 04:00:00,6.06103486059e-06
2015-11-16 06:00:00,6.06103486059e-06
2015-11-16 08:00:00,6.06103486059e-06
2015-11-16 10:00:00,6.06103486059e-06
2015-11-16 12:00:00,6.06103486059e-06
2015-11-16 14:00:00,1.88892074368e-06
2015-11-16 16:00:00,2.39676841131e-06
2015-11-16 18:00:00,3.03465415246e-06
2015-11-16 20:00:00,0.030657748
2015-11-16 22:00:00,5.8458751398
2015-11-17 00:00:00,8.7332775923
2015-11-17 02:00:00,0.7483277593
2015-11-17 04:00:00,2.9096989966
2015-11-17 06:00:00,2.8762541806
2015-11-17 08:00:00,0.025780379
2015-11-17 10:00:00,1.543932426e-06
2015-11-17 12:00:00,3.75366617178e-06
2015-11-17 14:00:00,3.24581850414e-06
2015-11-17 16:00:00,0.000696767
2015-11-17 18:00:00,0.0
2015-11-17 20:00:00,2.30961044798e-06
2015-11-17 22:00:00,2.30961044798e-06
2015-12-04 00:00:00,4.5294222168e-06
2015-12-04 02:00:00,3.24581850414e-06
2015-12-04 04:00:00,3.80437851233e-06
2015-12-04 06:00:00,4.02157454916e-06
2015-12-04 08:00:00,3.16873856385e-06
2015-12-04 10:00:00,3.67658623149e-06
2015-12-04 12:00:00,2.12661827476e-06
2015-12-04 14:00:00,1.35689776047e-06
2015-12-04 16:00:00,5.28527881557e-06
2015-12-04 18:00:00,4.51960079359e-06
2015-12-04 20:00:00,3.24581850414e-06
2015-12-04 22:00:00,3.24581850414e-06
2015-12-05 00:00:00,4.5294222168e-06
2015-12-05 02:00:00,3.80437851233e-06
2015-12-05 04:00:00,0.00975849166617
2015-12-05 06:00:00,4.5294222168e-06
2015-12-05 08:00:00,5.29535683861e-06
2015-12-05 10:00:00,4.25927208025e-06
2015-12-05 12:00:00,4.25927208025e-06
2015-12-05 14:00:00,3.74134638957e-06
2015-12-05 16:00:00,3.42053338747e-06
2015-12-05 18:00:00,4.01175312596e-06
2015-12-05 20:00:00,3.24581850414e-06
2015-12-05 22:00:00,2.90083018647e-06
2015-12-06 00:00:00,2.90083018647e-06
2015-12-06 02:00:00,3.16873856385e-06
2015-12-06 04:00:00,3.16873856385e-06
2015-12-06 06:00:00,3.16873856385e-06
2015-12-06 08:00:00,3.16873856385e-06
2015-12-06 10:00:00,3.67658623149e-06
2015-12-06 12:00:00,2.13265380548e-06
2015-12-06 14:00:00,2.64050147312e-06
2015-12-06 16:00:00,0.00696921393243
2015-12-06 18:00:00,3.67658623149e-06
2015-12-06 20:00:00,3.67658623149e-06
2015-12-06 22:00:00,3.67658623149e-06
2015-12-07 00:00:00,3.67658623149e-06
2015-12-07 02:00:00,3.67658623149e-06
2015-12-07 04:00:00,1.40761010101e-06
2015-12-07 06:00:00,2.95154252701e-06
2015-12-07 08:00:00,2.95154252701e-06
2015-12-07 10:00:00,3.16873856385e-06
2015-12-07 12:00:00,0.000698174610101
2015-12-07 14:00:00,3.67658623149e-06
2015-12-07 16:00:00,3.67658623149e-06
2015-12-07 18:00:00,3.67658623149e-06
2015-12-07 20:00:00,3.67658623149e-06
2015-12-07 22:00:00,1.40761010101e-06
2015-12-23 00:00:00,4.5294222168e-06
2015-12-23 02:00:00,4.5294222168e-06
2015-12-23 04:00:00,4.5294222168e-06
2015-12-23 06:00:00,3.80437851233e-06
2015-12-23 08:00:00,4.5294222168e-06
2015-12-23 10:00:00,4.5294222168e-06
2015-12-23 12:00:00,4.5294222168e-06
2015-12-23 14:00:00,3.67658623149e-06
2015-12-23 16:00:00,5.07847667638e-07
2015-12-23 18:00:00,0.00487787684767
2015-12-23 20:00:00,0.000700443586231
2015-12-23 22:00:00,3.80437851233e-06
2015-12-24 00:00:00,2.95154252701e-06
2015-12-24 02:00:00,3.80437851233e-06
2015-12-24 04:00:00,0.00696903068365
2015-12-24 06:00:00,0.000697619835985
2015-12-24 08:00:00,1.88892074368e-06
2015-12-24 10:00:00,3.16270303313e-06
2015-12-24 12:00:00,3.24581850414e-06
2015-12-24 14:00:00,2.36365830836e-06
2015-12-24 16:00:00,2.36365830836e-06
2015-12-24 18:00:00,0.00627321261045
2015-12-24 20:00:00,0.000699163768411
2015-12-24 22:00:00,1.88892074368e-06
2015-12-25 00:00:00,2.39676841131e-06
2015-12-25 02:00:00,3.80437851233e-06
2015-12-25 04:00:00,2.26044608632e-06
2015-12-25 06:00:00,2.26044608632e-06
2015-12-25 08:00:00,3.29653084469e-06
2015-12-25 10:00:00,0.000699027446086
2015-12-25 12:00:00,4.5294222168e-06
2015-12-25 14:00:00,0.000700571378512
2015-12-25 16:00:00,2.39676841131e-06
2015-12-25 18:00:00,4.5294222168e-06
2015-12-25 20:00:00,4.02157454916e-06
2015-12-25 22:00:00,4.5294222168e-06
2015-12-26 00:00:00,3.80437851233e-06
2015-12-26 02:00:00,3.29653084469e-06
2015-12-26 04:00:00,3.29653084469e-06
2015-12-26 06:00:00,2.26044608632e-06
2015-12-26 08:00:00,2.26044608632e-06
2015-12-26 10:00:00,2.26044608632e-06
2015-12-26 12:00:00,0.000699027446086
2015-12-26 14:00:00,2.26044608632e-06
2015-12-26 16:00:00,3.29653084469e-06
2015-12-26 18:00:00,0.000699027446086
2015-12-26 20:00:00,3.80437851233e-06
2015-12-26 22:00:00,2.76829375396e-06
2015-12-27 00:00:00,2.76829375396e-06
2015-12-27 02:00:00,2.76829375396e-06
2015-12-27 04:00:00,0.000699027446086
2015-12-27 06:00:00,0.000699027446086
2015-12-27 08:00:00,0.000699027446086
2015-12-27 10:00:00,0.000699027446086
2015-12-27 12:00:00,2.26044608632e-06
2015-12-27 14:00:00,2.26044608632e-06
2015-12-27 16:00:00,3.29653084469e-06
2015-12-27 18:00:00,0.000700063530845
2015-12-27 20:00:00,2.26044608632e-06
2015-12-27 22:00:00,2.26044608632e-06
2015-12-28 00:00:00,2.26044608632e-06
2015-12-28 02:00:00,2.26044608632e-06
2015-12-28 04:00:00,2.26044608632e-06
2015-12-28 06:00:00,2.26044608632e-06
2015-12-28 08:00:00,2.26044608632e-06
2015-12-28 10:00:00,4.02157454916e-06
2015-12-28 12:00:00,2.39676841131e-06
2015-12-28 14:00:00,4.77743114793e-06
2015-12-28 16:00:00,4.77743114793e-06
2015-12-28 18:00:00,4.77743114793e-06
2015-12-28 20:00:00,5.28527881557e-06
2015-12-28 22:00:00,3.9283810551e-06
2015-12-29 00:00:00,4.51960079359e-06
2015-12-29 02:00:00,4.77743114793e-06
2015-12-29 04:00:00,5.33599115611e-06
2015-12-29 06:00:00,0.000698310932426
2015-12-29 08:00:00,4.51960079359e-06
2015-12-29 10:00:00,6.06103486059e-06
2015-12-29 12:00:00,5.28527881557e-06
2015-12-29 14:00:00,2.39298251883e-06
2015-12-29 16:00:00,2.39298251883e-06
2015-12-29 18:00:00,4.01175312596e-06
2015-12-29 20:00:00,4.01175312596e-06
2015-12-29 22:00:00,2.39298251883e-06
2015-12-30 00:00:00,3.24581850414e-06
2015-12-30 02:00:00,3.24581850414e-06
2015-12-30 04:00:00,3.24581850414e-06
2015-12-30 06:00:00,3.24581850414e-06
2015-12-30 08:00:00,2.39298251883e-06
2015-12-30 10:00:00,3.74134638957e-06
2015-12-30 12:00:00,4.01175312596e-06
2015-12-30 14:00:00,2.39298251883e-06
2015-12-30 16:00:00,0.00209106667802
2015-12-30 18:00:00,5.28527881557e-06
2015-12-30 20:00:00,5.28527881557e-06
2015-12-30 22:00:00,4.77743114793e-06
2015-12-31 00:00:00,4.77743114793e-06
2015-12-31 02:00:00,5.28527881557e-06
2015-12-31 04:00:00,4.77743114793e-06
2015-12-31 06:00:00,3.24581850414e-06
2015-12-31 08:00:00,1.35689776047e-06
2015-12-31 10:00:00,1.35689776047e-06
2015-12-31 12:00:00,2.39298251883e-06
2015-12-31 14:00:00,1.35689776047e-06
2015-12-31 16:00:00,2.39298251883e-06
2015-12-31 18:00:00,4.01175312596e-06
2015-12-31 20:00:00,4.01175312596e-06
2015-12-31 22:00:00,4.01175312596e-06
2016-01-01 00:00:00,4.01175312596e-06
2016-01-01 02:00:00,4.01175312596e-06
2016-01-01 04:00:00,3.24581850414e-06
2016-01-01 06:00:00,0.0062741488185
2016-01-01 08:00:00,3.24581850414e-06
2016-01-01 10:00:00,1.35689776047e-06
2016-01-01 12:00:00,4.01175312596e-06
2016-01-01 14:00:00,3.74134638957e-06
2016-01-01 16:00:00,4.77743114793e-06
2016-01-01 18:00:00,4.77743114793e-06
2016-01-01 20:00:00,4.77743114793e-06
2016-01-01 22:00:00,4.77743114793e-06
2016-01-02 00:00:00,4.77743114793e-06
2016-01-02 02:00:00,3.9283810551e-06
2016-01-02 04:00:00,5.28527881557e-06
2016-01-02 06:00:00,6.06103486059e-06
2016-01-02 08:00:00,6.06103486059e-06
2016-01-02 10:00:00,6.06103486059e-06
2016-01-02 12:00:00,5.28527881557e-06
2016-01-02 14:00:00,2.39298251883e-06
2016-01-02 16:00:00,5.28527881557e-06
2016-01-02 18:00:00,5.28527881557e-06
2016-01-02 20:00:00,5.33599115611e-06
2016-01-02 22:00:00,3.9283810551e-06
2016-01-03 00:00:00,5.28527881557e-06
2016-01-03 02:00:00,5.28527881557e-06
2016-01-03 04:00:00,5.33599115611e-06
2016-01-03 06:00:00,6.06103486059e-06
2016-01-03 08:00:00,5.33599115611e-06
2016-01-03 10:00:00,3.74134638957e-06
2016-01-03 12:00:00,2.39298251883e-06
2016-01-03 14:00:00,4.77743114793e-06
2016-01-03 16:00:00,5.33599115611e-06
2016-01-03 18:00:00,5.02495010222e-06
2016-01-03 20:00:00,6.06103486059e-06
2016-01-03 22:00:00,6.06103486059e-06
2016-01-04 00:00:00,0.2104236344
2016-01-04 02:00:00,4.4683667781
2016-01-04 04:00:00,2.8588350055
2016-01-04 06:00:00,5.1943979934
2016-01-04 08:00:00,1.9927536232
2016-01-04 10:00:00,2.7111204014
